"Hand Size","Hand Type","Probability"
"3","Pair","0.176"
"3","Three of a Kind","0.002"
"3","Four of a Kind","0.000"
"3","Straight","0.000"
"3","Flush","0.052"
"3","Full House","0.000"
"3","Straight Flush","0.000"
"3","Royal Flush","0.000"
"3","High Card","0.770"
"","",""
"5","Pair","0.465"
"5","Three of a Kind","0.022"
"5","Four of a Kind","0.000"
"5","Straight","0.002"
"5","Flush","0.003"
"5","Full House","0.002"
"5","Straight Flush","0.000"
"5","Royal Flush","0.000"
"5","High Card","0.507"
"","",""
"7","Pair","0.704"
"7","Three of a Kind","0.054"
"7","Four of a Kind","0.002"
"7","Straight","0.010"
"7","Flush","0.000"
"7","Full House","0.027"
"7","Straight Flush","0.000"
"7","Royal Flush","0.000"
"7","High Card","0.203"
"","",""
"9","Pair","0.769"
"9","Three of a Kind","0.057"
"9","Four of a Kind","0.006"
"9","Straight","0.014"
"9","Flush","0.000"
"9","Full House","0.113"
"9","Straight Flush","0.000"
"9","Royal Flush","0.000"
"9","High Card","0.041"
"","",""
